StartDate,EndDate,Status,IPAddress,Progress,Duration (in seconds),Finished,RecordedDate,ResponseId,RecipientLastName,RecipientFirstName,RecipientEmail,ExternalReference,LocationLatitude,LocationLongitude,DistributionChannel,UserLanguage,Q1,Q2,Q3,Q4,Q5_7,Q5_8,Q5_9,Q5_10,Q5_11,Q5_12,Q5_13,Q5_14,Q5_15,Q5_16,Q5_17,Q5_18,Q5_19,Q5_20,Q5_21,Q5_22,Q5_23,Q5_24,Q5_25,Q5_26,Q5_27,Q5_28,Q5_29,Q5_30,Q5_31,Q5_32,Q5_33,Q5_34,Q5_35,Q5_36,Q5_37,Q5_38,Q5_39,Q5_40,Q5_41,Q5_42,Q5_43,Q5_44,Q5_45,Q5_46,Q5_47,Q5_48,Q5_49,Q5_50,Q5_51,Q5_52,Q5_53,Q5_54,Q5_55,Q5_56,Q5_57,Q5_58,Q5_59,Q5_60,Q5_61,Q5_62,Q5_63,Q5_64,Q5_65,Q5_66,Q5_67,Q5_68,Q5_69,Q5_70,Q5_71,Q5_72,Q5_73,Q5_74,Q5_75,Q5_76,Q5_77,Q5_78,Q5_79,Q5_80,Q5_81,Q5_82,Q5_83,Q5_84,Q5_85,Q5_86,Q5_87,Q5_88,Q5_89,Q5_90,Q5_91,Q5_92,Q5_93,Q5_94,Q5_95,Q5_96,Q5_97,Q5_98,Q5_99,Q5_100,Q5_101,Q5_102,Q5_6,Q5_3,Q5_2,Q5_1
Start Date,End Date,Response Type,IP Address,Progress,Duration (in seconds),Finished,Recorded Date,Response ID,Recipient Last Name,Recipient First Name,Recipient Email,External Data Reference,Location Latitude,Location Longitude,Distribution Channel,User Language,What is your gender?,How old are you?,What is your occupation?,Dining Preferences (Select one or more),Ratings of the restaurants that you have visited. Rate from 1.0 (worst) to 5.0 (best) - Tim Ho Wan (添好運),Ratings of the restaurants that you have visited. Rate from 1.0 (worst) to 5.0 (best) - Australia Dairy Company (澳洲牛奶公司),Ratings of the restaurants that you have visited. Rate from 1.0 (worst) to 5.0 (best) - Kam Wah Cafe (金華冰廳),Ratings of the restaurants that you have visited. Rate from 1.0 (worst) to 5.0 (best) - Yat Lok Restaurant (一樂燒鵝),Ratings of the restaurants that you have visited. Rate from 1.0 (worst) to 5.0 (best) - Kau Kee Restaurant (九記牛腩),Ratings of the restaurants that you have visited. Rate from 1.0 (worst) to 5.0 (best) - Din Tai Fung (鼎泰豐),Ratings of the restaurants that you have visited. Rate from 1.0 (worst) to 5.0 (best) - Ho Lee Fook (口利福),Ratings of the restaurants that you have visited. Rate from 1.0 (worst) to 5.0 (best) - Kam's Roast Goose (甘牌燒鵝),Ratings of the restaurants that you have visited. Rate from 1.0 (worst) to 5.0 (best) - OZONE,Ratings of the restaurants that you have visited. Rate from 1.0 (worst) to 5.0 (best) - Ichiran (一蘭),Ratings of the restaurants that you have visited. Rate from 1.0 (worst) to 5.0 (best) - Tsim Chai Kee Noodle (沾仔記),Ratings of the restaurants that you have visited. Rate from 1.0 (worst) to 5.0 (best) - Mak's Noodle (麥奀雲吞麵世家),Ratings of the restaurants that you have visited. Rate from 1.0 (worst) to 5.0 (best) - One Dim Sum (一點心),Ratings of the restaurants that you have visited. Rate from 1.0 (worst) to 5.0 (best) - Mak Man Kee Noodle Shop (麥文記麵家),Ratings of the restaurants that you have visited. Rate from 1.0 (worst) to 5.0 (best) - Cheung Hing Kee Shanghai Pan-Fried Buns (祥興記上海生煎包),Ratings of the restaurants that you have visited. Rate from 1.0 (worst) to 5.0 (best) - Cat Store (阿貓地攤),Ratings of the restaurants that you have visited. Rate from 1.0 (worst) to 5.0 (best) - Yardbird,Ratings of the restaurants that you have visited. Rate from 1.0 (worst) to 5.0 (best) - Mott 32 (卅二公館),Ratings of the restaurants that you have visited. Rate from 1.0 (worst) to 5.0 (best) - Quinary,Ratings of the restaurants that you have visited. Rate from 1.0 (worst) to 5.0 (best) - Lo Tak Court (路德圍),Ratings of the restaurants that you have visited. Rate from 1.0 (worst) to 5.0 (best) - Yung Kee Restaurant (鏞記酒家),Ratings of the restaurants that you have visited. Rate from 1.0 (worst) to 5.0 (best) - Lin Heung Tea House (蓮香茶室),Ratings of the restaurants that you have visited. Rate from 1.0 (worst) to 5.0 (best) - Tung Po (東寶小館),Ratings of the restaurants that you have visited. Rate from 1.0 (worst) to 5.0 (best) - Mana! Fast Slow Food,Ratings of the restaurants that you have visited. Rate from 1.0 (worst) to 5.0 (best) - Aqua,Ratings of the restaurants that you have visited. Rate from 1.0 (worst) to 5.0 (best) - Mammy Pancake (媽咪雞蛋仔),Ratings of the restaurants that you have visited. Rate from 1.0 (worst) to 5.0 (best) - Sister Wah (華姐清湯腩),Ratings of the restaurants that you have visited. Rate from 1.0 (worst) to 5.0 (best) - Paradise Dynasty (樂天皇朝),Ratings of the restaurants that you have visited. Rate from 1.0 (worst) to 5.0 (best) - Sevva,Ratings of the restaurants that you have visited. Rate from 1.0 (worst) to 5.0 (best) - BBQ King (燒烤大王),Ratings of the restaurants that you have visited. Rate from 1.0 (worst) to 5.0 (best) - Ho Hung Kee (何洪記),Ratings of the restaurants that you have visited. Rate from 1.0 (worst) to 5.0 (best) - Loving Hut (愛家餐廳),Ratings of the restaurants that you have visited. Rate from 1.0 (worst) to 5.0 (best) - Chôm Chôm,Ratings of the restaurants that you have visited. Rate from 1.0 (worst) to 5.0 (best) - Cafe Gray Deluxe,Ratings of the restaurants that you have visited. Rate from 1.0 (worst) to 5.0 (best) - The Globe,Ratings of the restaurants that you have visited. Rate from 1.0 (worst) to 5.0 (best) - The Butchers Club Burger,Ratings of the restaurants that you have visited. Rate from 1.0 (worst) to 5.0 (best) - Casablanca Restaurant & Cafe,Ratings of the restaurants that you have visited. Rate from 1.0 (worst) to 5.0 (best) - Maxim's Palace (美心皇宮),Ratings of the restaurants that you have visited. Rate from 1.0 (worst) to 5.0 (best) - Daikiya Japanese Restaurant (大喜屋日本料理),Ratings of the restaurants that you have visited. Rate from 1.0 (worst) to 5.0 (best) - 22 Ships,Ratings of the restaurants that you have visited. Rate from 1.0 (worst) to 5.0 (best) - Budaoweng Hotpot Cuisine (不倒翁中日火鍋料理),Ratings of the restaurants that you have visited. Rate from 1.0 (worst) to 5.0 (best) - Crystal Jade La Mian Xiao Long Bao (翡翠拉麵小籠包),Ratings of the restaurants that you have visited. Rate from 1.0 (worst) to 5.0 (best) - Bo Innovation (廚魔),Ratings of the restaurants that you have visited. Rate from 1.0 (worst) to 5.0 (best) - Hutong (胡同),Ratings of the restaurants that you have visited. Rate from 1.0 (worst) to 5.0 (best) - Urban Coffee Roaster,Ratings of the restaurants that you have visited. Rate from 1.0 (worst) to 5.0 (best) - The Flying Pan,Ratings of the restaurants that you have visited. Rate from 1.0 (worst) to 5.0 (best) - Butao Ramen (豚王),Ratings of the restaurants that you have visited. Rate from 1.0 (worst) to 5.0 (best) - The Cupping Room,Ratings of the restaurants that you have visited. Rate from 1.0 (worst) to 5.0 (best) - Pirata,Ratings of the restaurants that you have visited. Rate from 1.0 (worst) to 5.0 (best) - N1 Coffee & Co.,Ratings of the restaurants that you have visited. Rate from 1.0 (worst) to 5.0 (best) - BÊP Vietnamese Kitchen,Ratings of the restaurants that you have visited. Rate from 1.0 (worst) to 5.0 (best) - L'Atelier de Joël Robuchon,Ratings of the restaurants that you have visited. Rate from 1.0 (worst) to 5.0 (best) - Oddies,Ratings of the restaurants that you have visited. Rate from 1.0 (worst) to 5.0 (best) - Brunch Club & Supper,Ratings of the restaurants that you have visited. Rate from 1.0 (worst) to 5.0 (best) - 8 1/2 Otto e Mezzo BOMBANA,Ratings of the restaurants that you have visited. Rate from 1.0 (worst) to 5.0 (best) - Oolaa,Ratings of the restaurants that you have visited. Rate from 1.0 (worst) to 5.0 (best) - Wooloomooloo Steakhouse,Ratings of the restaurants that you have visited. Rate from 1.0 (worst) to 5.0 (best) - Shake Shack,Ratings of the restaurants that you have visited. Rate from 1.0 (worst) to 5.0 (best) - Wooloomooloo Prime,Ratings of the restaurants that you have visited. Rate from 1.0 (worst) to 5.0 (best) - La Vache!,Ratings of the restaurants that you have visited. Rate from 1.0 (worst) to 5.0 (best) - Brickhouse,Ratings of the restaurants that you have visited. Rate from 1.0 (worst) to 5.0 (best) - Amber,Ratings of the restaurants that you have visited. Rate from 1.0 (worst) to 5.0 (best) - Duddell's (都爹利會館),Ratings of the restaurants that you have visited. Rate from 1.0 (worst) to 5.0 (best) - Cococabana,Ratings of the restaurants that you have visited. Rate from 1.0 (worst) to 5.0 (best) - Temple Spice Crabs (廟街辣蟹),Ratings of the restaurants that you have visited. Rate from 1.0 (worst) to 5.0 (best) - Burger Joys,Ratings of the restaurants that you have visited. Rate from 1.0 (worst) to 5.0 (best) - The Pawn,Ratings of the restaurants that you have visited. Rate from 1.0 (worst) to 5.0 (best) - The Chairman (大班樓),Ratings of the restaurants that you have visited. Rate from 1.0 (worst) to 5.0 (best) - Studio Caffeine,Ratings of the restaurants that you have visited. Rate from 1.0 (worst) to 5.0 (best) - 208 Duecento Otto,Ratings of the restaurants that you have visited. Rate from 1.0 (worst) to 5.0 (best) - Bubba Gump (阿甘蝦餐廳),Ratings of the restaurants that you have visited. Rate from 1.0 (worst) to 5.0 (best) - Beerliner German Bar and Restaurant,Ratings of the restaurants that you have visited. Rate from 1.0 (worst) to 5.0 (best) - Motorino,Ratings of the restaurants that you have visited. Rate from 1.0 (worst) to 5.0 (best) - Ce La Vi,Ratings of the restaurants that you have visited. Rate from 1.0 (worst) to 5.0 (best) - Zuma,Ratings of the restaurants that you have visited. Rate from 1.0 (worst) to 5.0 (best) - Hard Rock Cafe,Ratings of the restaurants that you have visited. Rate from 1.0 (worst) to 5.0 (best) - Samsen,Ratings of the restaurants that you have visited. Rate from 1.0 (worst) to 5.0 (best) - Fei Jie (肥姐小食店),Ratings of the restaurants that you have visited. Rate from 1.0 (worst) to 5.0 (best) - The Roundhouse Taproom,Ratings of the restaurants that you have visited. Rate from 1.0 (worst) to 5.0 (best) - Holly Brown,Ratings of the restaurants that you have visited. Rate from 1.0 (worst) to 5.0 (best) - Jamie's Italian,Ratings of the restaurants that you have visited. Rate from 1.0 (worst) to 5.0 (best) - Islam Food (清真牛肉館),Ratings of the restaurants that you have visited. Rate from 1.0 (worst) to 5.0 (best) - Grassroots Pantry (豆苗居),Ratings of the restaurants that you have visited. Rate from 1.0 (worst) to 5.0 (best) - Café 103,Ratings of the restaurants that you have visited. Rate from 1.0 (worst) to 5.0 (best) - Gaylord Indian Restaurant (爵樂印度餐廳),Ratings of the restaurants that you have visited. Rate from 1.0 (worst) to 5.0 (best) - Ciao Chow,Ratings of the restaurants that you have visited. Rate from 1.0 (worst) to 5.0 (best) - Urban Bakery Works,Ratings of the restaurants that you have visited. Rate from 1.0 (worst) to 5.0 (best) - Coyote Bar & Grill,Ratings of the restaurants that you have visited. Rate from 1.0 (worst) to 5.0 (best) - Felix,Ratings of the restaurants that you have visited. Rate from 1.0 (worst) to 5.0 (best) - Maison Libanaise,Ratings of the restaurants that you have visited. Rate from 1.0 (worst) to 5.0 (best) - Hot-Star Large Fried Chicken (豪大大雞排),Ratings of the restaurants that you have visited. Rate from 1.0 (worst) to 5.0 (best) - Opendoor Cafe + Courtyard,Ratings of the restaurants that you have visited. Rate from 1.0 (worst) to 5.0 (best) - The Alchemist Cafe Bistro (牧羊少年咖啡-茶-酒館),Ratings of the restaurants that you have visited. Rate from 1.0 (worst) to 5.0 (best) - London House,Ratings of the restaurants that you have visited. Rate from 1.0 (worst) to 5.0 (best) - Iberico & Co.,Ratings of the restaurants that you have visited. Rate from 1.0 (worst) to 5.0 (best) - Pure Veggie House (心齋),Ratings of the restaurants that you have visited. Rate from 1.0 (worst) to 5.0 (best) - Odd One Out,Ratings of the restaurants that you have visited. Rate from 1.0 (worst) to 5.0 (best) - Ho Hak Shan Tung (好客山東),Ratings of the restaurants that you have visited. Rate from 1.0 (worst) to 5.0 (best) - Life Café,Ratings of the restaurants that you have visited. Rate from 1.0 (worst) to 5.0 (best) - Prompt
"{""ImportId"":""startDate"",""timeZone"":""America/Denver""}","{""ImportId"":""endDate"",""timeZone"":""America/Denver""}","{""ImportId"":""status""}","{""ImportId"":""ipAddress""}","{""ImportId"":""progress""}","{""ImportId"":""duration""}","{""ImportId"":""finished""}","{""ImportId"":""recordedDate"",""timeZone"":""America/Denver""}","{""ImportId"":""_recordId""}","{""ImportId"":""recipientLastName""}","{""ImportId"":""recipientFirstName""}","{""ImportId"":""recipientEmail""}","{""ImportId"":""externalDataReference""}","{""ImportId"":""locationLatitude""}","{""ImportId"":""locationLongitude""}","{""ImportId"":""distributionChannel""}","{""ImportId"":""userLanguage""}","{""ImportId"":""QID23""}","{""ImportId"":""QID16""}","{""ImportId"":""QID21""}","{""ImportId"":""QID22""}","{""ImportId"":""QID4_7""}","{""ImportId"":""QID4_8""}","{""ImportId"":""QID4_9""}","{""ImportId"":""QID4_10""}","{""ImportId"":""QID4_11""}","{""ImportId"":""QID4_12""}","{""ImportId"":""QID4_13""}","{""ImportId"":""QID4_14""}","{""ImportId"":""QID4_15""}","{""ImportId"":""QID4_16""}","{""ImportId"":""QID4_17""}","{""ImportId"":""QID4_18""}","{""ImportId"":""QID4_19""}","{""ImportId"":""QID4_20""}","{""ImportId"":""QID4_21""}","{""ImportId"":""QID4_22""}","{""ImportId"":""QID4_23""}","{""ImportId"":""QID4_24""}","{""ImportId"":""QID4_25""}","{""ImportId"":""QID4_26""}","{""ImportId"":""QID4_27""}","{""ImportId"":""QID4_28""}","{""ImportId"":""QID4_29""}","{""ImportId"":""QID4_30""}","{""ImportId"":""QID4_31""}","{""ImportId"":""QID4_32""}","{""ImportId"":""QID4_33""}","{""ImportId"":""QID4_34""}","{""ImportId"":""QID4_35""}","{""ImportId"":""QID4_36""}","{""ImportId"":""QID4_37""}","{""ImportId"":""QID4_38""}","{""ImportId"":""QID4_39""}","{""ImportId"":""QID4_40""}","{""ImportId"":""QID4_41""}","{""ImportId"":""QID4_42""}","{""ImportId"":""QID4_43""}","{""ImportId"":""QID4_44""}","{""ImportId"":""QID4_45""}","{""ImportId"":""QID4_46""}","{""ImportId"":""QID4_47""}","{""ImportId"":""QID4_48""}","{""ImportId"":""QID4_49""}","{""ImportId"":""QID4_50""}","{""ImportId"":""QID4_51""}","{""ImportId"":""QID4_52""}","{""ImportId"":""QID4_53""}","{""ImportId"":""QID4_54""}","{""ImportId"":""QID4_55""}","{""ImportId"":""QID4_56""}","{""ImportId"":""QID4_57""}","{""ImportId"":""QID4_58""}","{""ImportId"":""QID4_59""}","{""ImportId"":""QID4_60""}","{""ImportId"":""QID4_61""}","{""ImportId"":""QID4_62""}","{""ImportId"":""QID4_63""}","{""ImportId"":""QID4_64""}","{""ImportId"":""QID4_65""}","{""ImportId"":""QID4_66""}","{""ImportId"":""QID4_67""}","{""ImportId"":""QID4_68""}","{""ImportId"":""QID4_69""}","{""ImportId"":""QID4_70""}","{""ImportId"":""QID4_71""}","{""ImportId"":""QID4_72""}","{""ImportId"":""QID4_73""}","{""ImportId"":""QID4_74""}","{""ImportId"":""QID4_75""}","{""ImportId"":""QID4_76""}","{""ImportId"":""QID4_77""}","{""ImportId"":""QID4_78""}","{""ImportId"":""QID4_79""}","{""ImportId"":""QID4_80""}","{""ImportId"":""QID4_81""}","{""ImportId"":""QID4_82""}","{""ImportId"":""QID4_83""}","{""ImportId"":""QID4_84""}","{""ImportId"":""QID4_85""}","{""ImportId"":""QID4_86""}","{""ImportId"":""QID4_87""}","{""ImportId"":""QID4_88""}","{""ImportId"":""QID4_89""}","{""ImportId"":""QID4_90""}","{""ImportId"":""QID4_91""}","{""ImportId"":""QID4_92""}","{""ImportId"":""QID4_93""}","{""ImportId"":""QID4_94""}","{""ImportId"":""QID4_95""}","{""ImportId"":""QID4_96""}","{""ImportId"":""QID4_97""}","{""ImportId"":""QID4_98""}","{""ImportId"":""QID4_99""}","{""ImportId"":""QID4_100""}","{""ImportId"":""QID4_101""}","{""ImportId"":""QID4_102""}","{""ImportId"":""QID4_6""}","{""ImportId"":""QID4_3""}","{""ImportId"":""QID4_2""}","{""ImportId"":""QID4_1""}"
2022-06-19 08:37:42,2022-06-20 06:21:47,0,222.166.166.245,100,78244,1,2022-06-20 06:21:48,R_3O6v20u9fWRc24T,,,,,22.4022,113.9866,anonymous,EN,2,2,10,7,,,,,,,,,,,,,,,,,,,,,,,,,,,,,,,,,,,,,,,,,,,,,,,,,,,,,,,,,,,,,,,,,,,,,,,,,,,,,,,,,,,,,,,,,,,,,,,,,,,,
2022-07-01 00:23:39,2022-07-01 00:47:19,0,112.118.150.196,100,1419,1,2022-07-01 00:47:19,R_1K38L1SgVyZi5PK,,,,,22.2908,114.1501,anonymous,EN,1,3,11,"10,9,17,37,30,31",4.5,3.7,,,,,,,,4.8,,,,,4.5,,,,,,,,,,,4,4.6,4.8,,4,,,,,,,,3,4.5,,,4,,,,,4.4,,,,,,,,,,,4.8,,,,,,,,,,,,,,,,,,,,4.3,,,3.5,4.5,,,,,,,,,4,,4.5,,,,,,,
2022-07-02 00:15:48,2022-07-02 00:19:05,0,58.153.92.76,100,196,1,2022-07-02 00:19:05,R_XGpYp3Jn2phWctH,,,,,22.2908,114.1501,anonymous,EN,1,6,3,"9,30",4.5,,,4.5,,4.5,,4.6,,,,,,,4.3,,,,,,4.8,,,,,,,4.7,,,,,,,,,,4.2,,,,,,,,,,,,,,,,,,,,,,,,,,,,,,4.9,,,,,,,,,,,,,,4.6,,,,,,,,,,,,,,,,,,
2022-07-02 00:21:30,2022-07-02 00:23:35,0,112.118.150.196,100,125,1,2022-07-02 00:23:35,R_880frRYJYh9DwhH,,,,,22.2908,114.1501,anonymous,EN,2,6,1,"2,35,7,9,30",4.5,3.5,,4.7,,,,,,4.8,,,,,4.4,,,,,,,,,,,,,4.8,,,,,,,,,,4.2,,,,,,,,,4.6,,,,,,,,,,,,,,,,,,4.6,,,,,,,,,,,,,,,,,,,,,,,,,,,,,,,,,,,
2022-07-02 00:46:12,2022-07-02 00:47:27,0,185.225.234.192,100,74,1,2022-07-02 00:47:27,R_2xWr4vyUlxQrZbq,,,,,22.2908,114.1501,anonymous,EN,1,7,10,9,4.8,,,4.4,,,,4.4,,,,,,,,,,,,,,,,,,,,5.0,,,,,,,,,,4.5,,,,,,,,,,,,,,,,,,,,,,,,,,,,,,,,,,,,,,,,,,,,,,,,,,,,,,,,,,,,,,
2022-07-02 00:52:55,2022-07-02 00:57:27,0,185.225.234.246,100,271,1,2022-07-02 00:57:27,R_2ccnvmmztm4PnXY,,,,,22.2908,114.1501,anonymous,EN,1,1,11,"3,35,7,10,17,37,30",4.5,4.0,,4.5,,,,,,4.9,,,,,4.6,,,,,,,,,,,4.6,,,,4.6,,,,,,,,,4.9,,,,,,,,,,,,,,,,,,,5.0,,,,,,,,,,,,,,,,,,,,,,4.8,4.2,,,,,,4.8,,,,4.7,,,,,,,,,
2022-07-02 01:37:17,2022-07-02 01:41:22,0,84.17.37.236,100,245,1,2022-07-02 01:41:23,R_2UVNX7IPtRAW1lq,,,,,22.2908,114.1501,anonymous,EN,2,3,9,"1,2,9,25,30",,,,,,,,,,4.8,,,,,,,,,,,,,,,4.8,,,4.8,,,,,,,,,,,,,,,,,,,,,,,,,4.8,,,,,,,,,4.7,,,,,,,,,,,,,,,,,,,4.0,,,,,,,,,,,,4.6,,,,,,,
2022-07-02 01:59:10,2022-07-02 02:02:40,0,185.225.234.103,100,210,1,2022-07-02 02:02:41,R_1LtJ67MnRJthGgu,,,,,22.2908,114.1501,anonymous,EN,1,1,11,"23,3,10,14,17,37,20",,,,,,,,,,,,,,,,,,,,,,,,,,4.7,,,,4.3,,,,,,,,,,,,,,,,,,,,,,,,,,,,4.9,,,,,,,,4.7,,,,,,,,,,4.6,,4.7,,4.7,,,,,,,,,,,,,,,,,,,,
2022-07-02 02:23:52,2022-07-02 02:25:58,0,156.146.45.14,100,126,1,2022-07-02 02:25:59,R_2UcjpCvnpFQfzh4,,,,,22.2908,114.1501,anonymous,EN,1,6,3,"35,7,9,30",4.5,,,4.7,,,,,,,,,,,,,,,,,4.8,,,,,,,4.9,,,,,,,,,,4.2,,,4.7,,,,,,,,,,,,,,,,,4.7,,,,,,,,,,,,,,,,4.6,,,,,,,,,,,,,4.6,,,,,,,,,,,,,
2022-07-02 02:26:10,2022-07-02 02:29:02,0,156.146.45.14,100,172,1,2022-07-02 02:29:02,R_1i9xGYEfXySWVV6,,,,,22.2908,114.1501,anonymous,EN,2,6,1,"2,23,7,8,9,25,27",4.4,,,,,,,,,,,,,,4.6,,,,,,,,4.7,,,4.4,,4.8,,,,,,,,,,,,,,,,,4.6,,,,,,,,,,,,,,,,,,,,,,,,,,,,,,,,,,,,,,,,,,,,,,,,,,,4.8,,,,
2022-07-02 02:40:37,2022-07-02 02:47:52,0,202.165.70.70,100,434,1,2022-07-02 02:47:53,R_1oFjDlnD76TzFr0,,,,,22.2908,114.1501,anonymous,EN,1,3,5,"2,3,35,7,9,37,28",4.6,4.0,,4.7,4.6,4.8,,,,4.8,,,,,,,,,,,,,,,,,4.9,4.8,,4.2,,,4.7,,,4.7,,,,,,,,,,,4.6,,,,,,,,4.8,,4.2,,,4,,,,,,,4.6,,,,,,4,,,,,,,,,,,,,,,,,,,,4.7,,,,4.7,,,
2022-07-02 03:03:29,2022-07-02 03:09:14,0,185.225.234.184,100,344,1,2022-07-02 03:09:14,R_1OUYWM14YPLmplf,,,,,22.2908,114.1501,anonymous,EN,1,3,8,"2,3,9,17,37,34,28,30",,2.0,,,4.2,,,,,4.8,,,,,,4.5,,,,,,4.0,,,,4.6,4.6,,,4.0,,,,,,,,,4.6,,4.7,,,,,,4.0,,,4.4,,,4.3,,,,4.3,4.8,,,,,,,,4.4,,,,,,4.6,,,,,,,,4.1,,,,,,,,,,,4.0,,4.5,,,,,,,
2022-07-02 03:23:35,2022-07-02 03:40:27,0,84.17.37.82,100,1012,1,2022-07-02 03:40:28,R_3FWh2biatNMklbc,,,,,22.2908,114.1501,anonymous,EN,2,3,10,"2,7,8,13,14,37,30",,,,,,,,,,4.8,,,,,,4.4,,,,,,,,,,4.3,,,,,,,,,,,,,,,,,,,,,,,,,,,,,,,,,,,,,,,,,,,4.4,,,,,,,,,4.3,,4.4,,,,4.4,,,,,,,,,4.2,,,,,,,
2022-07-02 03:57:38,2022-07-02 03:59:39,0,188.240.56.66,100,120,1,2022-07-02 03:59:39,R_3EAzunzTLUVvRbj,,,,,55.9409,-3.2939,anonymous,EN,1,3,8,"2,3,35,7,8,37,38",4.0,3.0,,,,,,,,4.7,,4.0,,,,,,,,,,4.0,,,,4.3,4.6,,,,,,,,,,4.0,3.5,4.5,,4.7,,,,,,4.4,,,,4.2,,,,,,,,,,,4.5,,,,4.4,,,,,,,,,,,,,,4.4,,4.6,,,,,,4.7,,,4.2,,,,,,,,,
2022-07-02 04:02:16,2022-07-02 04:04:33,0,185.225.234.46,100,137,1,2022-07-02 04:04:33,R_8xoR4GuqwParFqF,,,,,22.2908,114.1501,anonymous,EN,2,7,2,"23,8,9,37,30",,,,,,4.4,,4.6,,,,,,,,,,,,,,,,,,,,4.7,,,,,,,,,,4.0,,,,,,,,,,,,,,,,,,,,,,,,,4.2,,,,,4.8,,,,,,,,,,,,,,,,,,,,,,,,,4.4,,,,,,,
2022-07-02 04:07:04,2022-07-02 04:09:42,0,156.146.45.24,100,157,1,2022-07-02 04:09:42,R_1GB3C4bMLtE3pfB,,,,,22.2908,114.1501,anonymous,EN,1,2,3,"3,8,9,17,37,38",,3.5,,,4.2,,,,,4.6,,,4.2,,4.1,4.2,,,,,,4.0,,,,,4.5,,,,,,,,,,,,,,,,,,,,,,,,,,,,,,,4.7,,,,,,,,4.5,,,4.0,,,,,,,,,4.3,,,,4.4,,,,,4.2,,,,3.8,,,,,,,,,
2022-07-02 04:10:48,2022-07-02 04:13:23,0,156.146.45.24,100,155,1,2022-07-02 04:13:23,R_3nBCgHk9BhKdVtJ,,,,,22.2908,114.1501,anonymous,EN,2,2,11,"2,35,7,8,17,37,20,38",4.4,,,,,,,,,,,,,,,,,,,,,,,,,4.2,,,,,,,,,,,,,4.4,,4.5,,,,,,,,,,,,,,,,4.2,,,,,,,,4.0,,,,,,,,,,,,,,,,,4.4,4.3,,,,,,,,,,,,,,,,,
2022-07-02 04:32:27,2022-07-02 04:36:18,0,185.225.234.171,100,231,1,2022-07-02 04:36:18,R_3EvhTXkbGXjm0Mk,,,,,22.2908,114.1501,anonymous,EN,1,5,5,"4,7,9,28,12",,,4.0,,,,,,,,,,,,,,,,,,4.5,,,,,,,,,,,,,,,,,,,,,,4.7,,,,4.0,,,,,4.5,,,4.6,,,4.7,,,,4.2,4.5,,,,,,,3.8,,,,4.0,,,,,,4.2,,,,,,,,,,,,,,,,,,,,
2022-07-02 04:40:19,2022-07-02 04:41:55,0,202.165.70.29,100,96,1,2022-07-02 04:41:55,R_2VCizaFNKUp3a9U,,,,,22.2908,114.1501,anonymous,EN,2,7,10,"23,9,14",,,,,,,,,,,,,,,,,,,,,,,,,,,,4.7,,,,,,,,,,4.4,,,,,,,,,,,,,,,,,,,,,,,,,,,,,,,,,,,,,,,,,,,,,,,,,4.3,,,,,,,,,,,,,
2022-07-02 04:54:51,2022-07-02 04:57:36,0,103.232.137.17,100,165,1,2022-07-02 04:57:37,R_1KcBAHWuLO6Ms3N,,,,,24,121,anonymous,EN,1,3,5,"2,7,9,37,30,38",,,,,,,,,,4.6,,,,,,,,,,,,,3.5,,,4.0,,,,,,,,,,,,,4.4,,4.4,,,,,,4.2,,,4.0,,,,,,,,,,,,,,,,,,,,,,,,,,,,,,,,,,,,,,,,,,,,,,,,,,
2022-07-02 07:11:06,2022-07-02 07:23:38,0,42.2.127.203,100,751,1,2022-07-02 07:23:38,R_3NR0K3IEhiEDNuN,,,,,22.2908,114.1501,anonymous,EN,2,4,9,"7,8,9,14,37,25,26",,,,,,,,,,,,,,,,,,,,,,,3.7,,,4.2,4.6,,,,,,,,,,,,,,,,,,,3.5,,,,,,,,,,,,4.5,,,,,,,,,,,4.0,,,,,,,,4.2,4.0,,4.0,,,,,,,,,,,,,4.2,,,,,,,
2022-07-02 07:36:33,2022-07-02 07:47:43,0,116.49.145.31,100,670,1,2022-07-02 07:47:43,R_3qPDWIP3dJA17EZ,,,,,22.3163,114.1842,anonymous,EN,1,1,11,"3,7,8,17,37,20,38",,,,,3.5,,,,,4.7,,,,,,,,,,4.5,,,,,,4.2,4.0,,,3.8,,,,,,,,3.5,4.5,,4,,,,,,4.0,,,4.0,,,,4.2,,,,4.5,,,,,,,,,,,,,,,,,,,,4.0,,,,,,,,,,,,,,,,,,,,,,
2022-07-02 08:02:58,2022-07-02 08:07:09,0,112.120.129.112,100,250,1,2022-07-02 08:07:09,R_1F9Pi6fIhptO01K,,,,,22.2908,114.1501,anonymous,EN,1,6,12,"2,9,37,27,12,30,38",4.0,,,4.3,,,4.8,,,4.6,,,,,,,,4.2,,4.0,,,,,,,,,,,,,,,,,,,4.4,,,,,,,,,,4.5,,,4.5,,,4.5,4.3,4.2,,,,,,,,,,,,,,,,,,,,4.3,,,,,,,,,,,,,,,,,,,,,,,
2022-07-02 08:37:47,2022-07-02 08:45:28,0,185.225.234.117,100,461,1,2022-07-02 08:45:30,R_3qkyk8nHunjaFLx,,,,,22.2908,114.1501,anonymous,EN,1,5,8,"35,7,8,9,30,38",4.2,3.5,,,,,,,,4.5,,,,,,,,,,,,4.0,,,,4.3,,,,,,,,,,,,,,,,,,,,,,4.3,,4.3,,,,4.0,,,,,,,,,,,,,,,4.2,,,,,,,,,,,4.0,,,,,,,4.0,,,,,,4.4,,,,,,4.7,
2022-07-02 08:46:58,2022-07-02 08:49:26,0,119.236.13.213,100,148,1,2022-07-02 08:49:27,R_29bKAayYnkgXe5D,,,,,22.2908,114.1501,anonymous,EN,2,5,12,"6,7,8,14,37,27,30,38",,,,,,4.4,,,,4.6,,,,4.0,,,,,,,,4.0,4.0,,,,,,,,,4.7,,,,,,,,,4.2,,,,,,,4.2,,4.2,,,,4.5,,,,,,,,,,,,,,,,,,,,,,,4.2,,,,,,,,,,,,,,,,,,,4.5,,,,
2022-07-02 08:50:06,2022-07-02 08:51:44,0,116.48.87.47,100,98,1,2022-07-02 08:51:45,R_RC7VB4Pa0ORHUEV,,,,,22.2908,114.1501,anonymous,EN,1,7,10,"9,26,27,30",4.3,,,,,,,,,,,,4.3,,,,,,,,,,,,,,,4.5,,,,,,,,,,3.5,,,,,,,,,,,,,,,,,,,,,,,,,,,,,,,,,,,,,,,,,,,,,,,,,,,,,,,,,,,,,,
2022-07-02 08:52:30,2022-07-02 08:54:06,0,119.236.236.248,100,95,1,2022-07-02 08:54:06,R_2aWAebLVihsarjj,,,,,22.2908,114.1501,anonymous,EN,2,7,10,"7,9,14",4.3,,,,,,,,,,,,4.3,,,,,,,,,,,,,,,4.5,,,,,,,,,,3.5,,,,,,,,,,,,4.0,,,,,,,,,,,,,,,,,,,,,,,,,,,,,,,,,,,,,,,,,,,,,,,,,,
2022-07-02 23:53:29,2022-07-03 00:07:00,0,42.3.190.162,100,810,1,2022-07-03 00:07:00,R_1JUZVPbiDxXXDYf,,,,,22.3163,114.1842,anonymous,EN,2,4,7,"3,35,7,8,9,14,38",,,,,,,,,,,,,,3.8,4.0,4.0,,,,,,,,,,,,,,3.8,,,,,,,,2.0,4.5,,,,,,,,4.2,,,,,,,,,,,4.0,,,,,,,,,,,,,,,,,,,,,,,,,,,,,,,,,3.5,,,,,,,,4.7,
2022-07-03 00:07:32,2022-07-03 00:09:44,0,116.49.131.84,100,132,1,2022-07-03 00:09:44,R_1diBpOynBz4W3ap,,,,,22.2908,114.1501,anonymous,EN,1,4,7,"3,7,8,9,37,12,38",,,3.5,,4.0,,,,,,,,,3.5,,4.0,,,,,,,,,,,4.0,,,3.5,,,,,,,,3.0,4.5,,,,,,,,,,,,,,,,,,,4.5,,,,,,,,,,,,,,,,,,,,,,,,,,,,,,,,,,,,,,,,,4.5,
2022-07-03 00:10:21,2022-07-03 00:12:32,0,203.218.18.168,100,131,1,2022-07-03 00:12:33,R_2cnlPkQSMnEs624,,,,,22.2908,114.1501,anonymous,EN,1,1,11,"3,35,8,17,37,38",,,3.5,,,,,,,,,,,3.5,4.0,,,,,4.5,,,,,,4.0,,,,4.0,,,,,,,,,4.5,,4.5,,,,,,4.0,,,,,,,,,,,,,,,,,,,,,,,,,,,,,,,4.0,,,,,,,,,,,,,,,,,,,,,4.5,
2022-07-03 00:12:59,2022-07-03 00:14:49,0,203.218.18.168,100,110,1,2022-07-03 00:14:50,R_WjHfsKhtsNIXnbP,,,,,22.2908,114.1501,anonymous,EN,2,1,11,"3,35,7,8,14,17,37,20,30,38",,3.0,3.5,,,,,,,4.5,,,,3.5,,4.0,,,,,,,,,,4.5,,,,,,,,,,,,,4.5,,,,,,,,,,,,,,,,,,,,,,,,,,,,,,,,,,,,,,,,,4.0,,,,,,,,,,,,,,,,,,,4.5,
2022-07-03 02:16:01,2022-07-03 02:18:50,0,203.218.18.168,100,169,1,2022-07-03 02:18:50,R_3ELxRNXk3LoQylz,,,,,22.2908,114.1501,anonymous,EN,1,1,11,"3,35,17,37",,,3.5,,4.0,,,,,4.5,,,,,,,,,,,,,,,,4.0,,,,4.0,,,,,,,,,4.5,,4.5,,,,,,,,,,,,,,,,,4.5,,,,,,,,,,,,,,,,,,,,,,,,,,,,,,,,,4.0,,,,,,,,4.5,
2022-07-03 02:19:17,2022-07-03 02:29:56,0,112.118.96.71,100,638,1,2022-07-03 02:29:56,R_0IejiNRaPL17kuR,,,,,22.3163,114.1842,anonymous,EN,2,3,8,"2,23,35,7,8,14,17,37,20,38",,3.5,3.5,,,,,,,4.5,,,,,,,,,4.0,4.0,,,,,,4.0,4.0,,,,,4.5,,,,,,,4.5,4.5,4.0,,,,4.0,,4.0,,,4.0,,,,,,,,,,,,,,,,,,,,,,,,,,,,,4.0,,,,,,,,,,4.5,,,,,,,,,,,
2022-07-03 02:30:41,2022-07-03 02:33:27,0,112.118.96.71,100,166,1,2022-07-03 02:33:28,R_1nNJr3B5vVoKcsM,,,,,22.3163,114.1842,anonymous,EN,1,3,8,"35,9,37,38",4.0,3.5,,,,,,,,4.5,,,,,,,,,4.0,4.0,,4.0,,,,4.0,4.0,4.5,,,,,,,,,,3.5,4.5,,4.0,,,,,,4.0,,,,,,,,,4.5,,4.5,,,,,,,,,,,,,,,,,,,,4.0,,,,,,,,,,,,,4.0,,4.0,,,,,3.5,,
2022-07-03 02:33:51,2022-07-03 02:38:40,0,220.246.152.146,100,289,1,2022-07-03 02:38:40,R_1Ka3YxIbAeclxrE,,,,,22.2908,114.1501,anonymous,EN,1,4,1,"35,7,8,9,14,26,38",4.0,,3.5,,,,,,,4.5,,3.5,,,,4.0,,,,,,4.0,,,,3.5,3.5,,,,,4.5,,,,,,3.5,4.5,,,,,,4.0,3.5,,,,,,,,,,,,4.0,,,,,,,,,,,,,,,,,,,4.0,,,4.0,,,,,,,,,,,3.5,,4.0,,,,,,,
2022-07-03 02:39:29,2022-07-03 02:45:32,0,116.48.88.15,100,363,1,2022-07-03 02:45:33,R_332s0xMDgBzHl6H,,,,,22.2908,114.1501,anonymous,EN,1,5,6,"2,4,7,8,26,27",,,3.5,4.5,4.0,,,,,4.5,,3.5,,,,,,4.0,,,,,,,4.5,,,,3.5,,,4.5,,,4.0,,,3.5,4.0,,,,,,,,,,4.5,,,,,,,4.5,,,,4.0,,4.0,,,,,,,,,,4.0,,,4.0,,,,,,,,,,,,,,,,,,,3.5,,,,,,
2022-07-03 02:46:07,2022-07-03 02:48:59,0,116.48.88.15,100,172,1,2022-07-03 02:49:00,R_3CT0rdqd9WhJUKR,,,,,22.2908,114.1501,anonymous,EN,1,4,6,"4,35,7,26,27,29,31",4.0,,3.5,4.5,4.0,,,,,4.5,,,,4.0,,,,4.0,,,,4.0,,,,4.0,,4.5,,,,4.5,,,,,,3.0,4.5,,4.0,,,,,,,,4.5,4.0,,,,4.0,4.5,,4.0,4.5,,,,,,,,,4.5,,,3.5,,4.0,4.0,,,,,,,3.5,3.0,,,,,,,,4.0,4.0,,,,,,,,,,3.5
2022-07-03 02:50:29,2022-07-03 02:54:01,0,119.236.13.238,100,211,1,2022-07-03 02:54:01,R_2rHj1QDmqtd959q,,,,,22.2908,114.1501,anonymous,EN,2,2,11,"35,7,8,10,9,14,37,38",,3.5,,,,,,,,,,,,,,,,,,4.0,,,,,,4.0,4.0,,,,,,,,,,,3.0,4.5,,,,,,,,4.0,,,,,,,,,,,4.5,,,,,,,4.0,,,,,,,,,,,,,,,4.0,,,,,,,,,,,,,,,,,,,,
2022-07-03 02:50:35,2022-07-03 02:54:07,0,58.153.92.76,100,211,1,2022-07-03 02:54:07,R_r6LMuNsFlylBNgR,,,,,22.2908,114.1501,anonymous,EN,1,2,11,"35,7,8,10,17,37,38",,3.5,,,,,,,,,,,,,,,,,,4.0,,,,,,,4.0,,,,,,,,,,,3.0,4.5,,,,,,,,,,,,,,,,,,,4.5,,,,,,,4.0,,,,,,,,,,,,,4.0,,,,,,,,,,,,,,,4.0,,,,,,4.5,
2022-07-03 03:02:09,2022-07-03 03:04:48,0,119.236.13.238,100,159,1,2022-07-03 03:04:49,R_3IaE1QLCcw2OUSe,,,,,22.2908,114.1501,anonymous,EN,1,5,12,"7,8,37,26,38",4.0,,3.5,,,,,,,4.5,,,4.0,,,,,,,,,,,,,4.5,4.0,,,3.5,,,,,,,,3.5,4.5,,,,,,,,4.0,,,,,,,4.0,,,,,,,,,,,,,,,,,,,,,,,,,,,,,4.0,,,,,,,,,,4.0,,,,4.5,,4.5,
2022-07-03 03:05:24,2022-07-03 03:07:51,0,219.79.20.241,100,146,1,2022-07-03 03:07:51,R_dmp79hCVeVUoDCh,,,,,22.2908,114.1501,anonymous,EN,1,6,3,"35,7,8,9,13,37",,,3.5,,,,,,,,,,,3.5,,,,,,,,4.0,4.0,,,,,,,3.5,3.5,,,,,4.0,,,4.5,,,,,,,,,,,,,,,,,4.5,,,,,,,,,,,,,,,,,,,,,,4.0,,,3.5,,,,,,,,,,,,,,,,,,,
2022-07-03 03:09:19,2022-07-03 03:11:09,0,42.2.127.247,100,110,1,2022-07-03 03:11:10,R_1OlQk9OIgidxLUx,,,,,22.2908,114.1501,anonymous,EN,2,3,5,"3,35,17,37,38",4.0,,,,,,,,,4.5,,,,,,,,,,,,,,,,4.0,4.5,,,3.5,3.5,,,,,,,,,,4.5,,,,,,,,,,,,,,,4.5,,4.5,,,,,,,,,,,,,,,,,,,,4.5,,,,,,,,,,,,,4.0,,4.0,,,,,,,
2022-07-03 03:11:17,2022-07-03 03:13:23,0,42.2.127.247,100,125,1,2022-07-03 03:13:23,R_2TT1RsKkFKtUXp0,,,,,22.2908,114.1501,anonymous,EN,2,3,2,"2,6,14,17,37,26,38",4.0,,,,,,,,,4.5,,,,,4.0,4.0,,,,,,,,,,4.0,3.5,,,,3.5,,,,,,,3.0,4.5,,,,,,,,4.0,,,,,,,,,4.5,,4.5,,,,4.0,,,,,,,4.0,,,,,,,,4.0,4.0,,4.0,3.5,,,,,,,,,,3.5,,4.0,,,,,,4.5,
2022-07-03 03:20:50,2022-07-03 03:24:37,0,218.250.84.194,100,227,1,2022-07-03 03:24:37,R_2f9CR85QVWVF2x2,,,,,22.2908,114.1501,anonymous,EN,1,3,5,"1,2,23,7,8,14,37,38",,3.0,,,,,,,,4.5,,,,,4.0,4.0,,,4.0,4.0,,4.0,3.5,,,4.5,,,,,,,,,,,,,4.5,,4.0,,,,,,,4.5,,4.0,,,,4.0,,,,,,,,,,,,,,,4.0,,,,4.0,,,,,,,3.5,3.0,,,,,,,,,,,,,,,,4.5,,4.0,
2022-07-03 03:25:37,2022-07-03 03:27:39,0,218.250.84.194,100,122,1,2022-07-03 03:27:39,R_xx4jXrBzTySdAwV,,,,,22.2908,114.1501,anonymous,EN,1,3,5,"1,35,7,8,17",,3.0,,,,,,,,,,,,3.5,4.0,4.0,,,,4.5,,,3.5,,,4.5,4.0,,,,,,,,,,,3.0,4.5,,,,,,,,4.0,,,,,,,,,4.5,,4.5,,,,,,,,4.0,,,4.5,,,,4.5,,,,,4.0,,,,,,,,,,,,,,,4.0,,,,,,,4.0
2022-07-03 03:35:41,2022-07-03 03:37:50,0,42.2.196.121,100,128,1,2022-07-03 03:37:50,R_UPCvjV1kyLKiYQ9,,,,,22.2908,114.1501,anonymous,EN,1,3,11,"9,17,37,30,38",4.0,,3.5,,,,,,,,,4.0,,3.5,4.0,,,,,4.0,,4.0,,,,4.0,3.5,,,3.0,,,,,,,,3.0,4.0,,,3.5,,,,,,,,,,,,,,,,,,,,,,,,,,,,,,,,,,,,,,,,,,,,,,,,,3.0,,,,,,,,,
2022-07-03 03:48:19,2022-07-03 03:51:13,0,119.236.201.71,100,173,1,2022-07-03 03:51:13,R_3LdvbfJdCtSyHbW,,,,,22.3163,114.1842,anonymous,EN,1,3,12,"7,8,9,17,37,38",,,,,,,,,,4.5,,,,3.5,3.5,,,,,,,,,,,,,,,3.0,,,,,,,,3.0,,,,,,,,3.5,,,,,,,,,,4.5,,,,,,,,,,4.0,,,,,,4.0,4.0,,,,,,,,,4.5,,,,,,,,,3.0,,4.0,,,,,,4.5,
2022-07-03 03:51:48,2022-07-03 03:56:08,0,58.153.92.191,100,259,1,2022-07-03 03:56:08,R_3q8tgeAKw3MMeuE,,,,,22.2908,114.1501,anonymous,EN,2,2,11,"2,7,29,38",,,,,,,,,,,,,,,,,,,4.0,,,,,4.5,,,,,,,,,,,4.2,,,3.5,4.3,4.5,,,,,,,,,,,,,,,4.8,4.5,,4.7,,,,,,,,,,,4.3,,,,,,,,,,,,,,,,,,,,4.0,4.0,,,4.0,3.5,,,,,,
2022-07-03 03:56:18,2022-07-03 04:01:13,0,58.153.92.191,100,295,1,2022-07-03 04:01:13,R_vCYd3tzU4Eg4EZX,,,,,22.2908,114.1501,anonymous,EN,2,6,2,"7,8,9,37,29",,,,,,,,,,4.5,,,,,,,,4.0,4.0,,,,,4.5,,,,4.8,,,,,,,,,,3.5,4.3,4.5,,,,,,,4.0,,4.5,,,,,,,4.5,,,,,,,,,,,4.5,,,,,,,,,,,,,,,,,,,,3.5,,,,,,4.0,3.5,,,,,,
2022-07-03 04:02:10,2022-07-03 04:03:33,0,42.2.126.2,100,82,1,2022-07-03 04:03:33,R_2zwDrrbFJ87DJqT,,,,,22.2908,114.1501,anonymous,EN,1,1,11,"17,37",,3.5,,,,,,,,,,,,,,,,,,,,,,,,,,,,,,,,,,,,3.5,,,,,,,,,,,,,,,,,,,,,,,,,,,,,,,,,,,,,,,,4.0,,,,,,,,,,,,,,,,,,,,,,
2022-07-03 04:03:40,2022-07-03 04:05:51,0,42.2.126.2,100,130,1,2022-07-03 04:05:51,R_6mMHJzdPxDLkCvT,,,,,22.2908,114.1501,anonymous,EN,2,5,1,"35,37,38",4.0,,,,,,,,,4.8,,,,,3.5,,,,,,,4.0,3.5,,,,,4.3,,,,,,,,,,,4.5,,,,,,,,,,,,,,,,,,,,,,,,,,,,,,,,,,,,,,,,,,,,,,,,,,,,,,,,,,,,,
2022-07-03 04:05:57,2022-07-03 04:07:40,0,42.2.126.2,100,102,1,2022-07-03 04:07:40,R_6QBhirVXjoHc1Rn,,,,,22.2908,114.1501,anonymous,EN,1,5,3,"35,7,17,37,38",,3.5,,4.2,,,,,,4.8,,,,,3.8,,,,,,,,,,,,,,,,,,,,,,,,4.5,,,,,,,,,,,,,,,,,,,,,,,,,,,,,,,,,,,,,,,4.0,,,,,,,,,,,,,,,4.0,,,,,,,
2022-07-03 04:08:16,2022-07-03 04:10:59,0,219.73.116.195,100,162,1,2022-07-03 04:10:59,R_819HMl1guvnN13X,,,,,22.2908,114.1501,anonymous,EN,2,3,8,"8,9,17,37,20,21,30,38",,2.0,,,,,,,,4.5,,,,,3.5,,,,,,,4.0,,4.3,,4.5,,4.5,,,,,,,,,,3.0,4.3,,,,,,,,,,,,,,,,,4.3,,,,,,4.0,,,,,,,,,,4.0,,,,,,3.5,,4.0,,,,,,,3.5,,,,3.5,,4.2,,,,,3.5,,
2022-07-03 04:25:35,2022-07-03 04:27:20,0,58.153.13.88,100,104,1,2022-07-03 04:27:20,R_32QnK1LjO2xJoor,,,,,22.2908,114.1501,anonymous,EN,1,3,5,"8,9,17,37,38",,3.0,,,,,,,,4.5,,,,,4.0,,,,,,,,,,,,,,,3.5,,,,,,,,3.0,4.5,,,,,,,,,,,,,,,,,,,4.5,,,,,,,,,,,,,,4.0,,,,,,4.0,,,,,,,,,,,,,4.0,,4.0,,,,,,,
2022-07-03 04:27:25,2022-07-03 04:29:00,0,58.153.13.88,100,94,1,2022-07-03 04:29:00,R_Wxpbrio8b1NZxtL,,,,,22.2908,114.1501,anonymous,EN,1,3,3,"9,37,38",,,,,,,,,,,,,,3.5,4.0,,,,,,,,,,,4.0,4.0,,,3.5,3.5,,,,,,,,4.5,,4.5,,,,,,,,,,,,,,,,,,,,,,,,,,,,,,,,,,,,,4.0,,,,,,,,,,,,,3.5,,4.0,,,,,3.5,4.5,
2022-07-03 04:43:26,2022-07-03 04:46:10,0,119.236.201.50,100,164,1,2022-07-03 04:46:10,R_0OKp8QjlXoTXcXL,,,,,22.3163,114.1842,anonymous,EN,1,6,3,"9,37",4.0,,3.5,,4.0,,,,,,,4.0,4.0,,,,,,,,,4.0,3.5,,,,,,,,3.5,,,,,,,,,,,,,,,,,,,,,,,,,,,,,,,,,,,,,,,,,,,,,,,,,,,,,,,,,,,,,,,,,,,3.5,4.5,
2022-07-03 04:42:47,2022-07-03 04:46:44,0,119.236.201.50,100,236,1,2022-07-03 04:46:44,R_3CUumfD4QJ1a13E,,,,,22.3163,114.1842,anonymous,EN,2,6,2,"9,37,38",4.0,,3.5,4.5,,,,,,4.5,,,,,,,,,,,,,,,,,4.0,,,,3.5,,,,,,,,,,,,,,,,,,,,,,,,,,,,,,,,,,,,,,,,,,,,,,,3.5,,,,,4.0,,,,,,,,,,,,,,,,,
2022-07-03 04:51:45,2022-07-03 04:55:12,0,218.250.247.113,100,206,1,2022-07-03 04:55:12,R_296on2AYB1LpOEc,,,,,22.2908,114.1501,anonymous,EN,2,4,9,"14,37,26,30,38",,,,,,,,,,4.5,,,,,,,,,,,,,,,,,,,,,,,,,,4.0,,,,,,,,,4.0,,,,,4.0,,,,4.5,,,,4.5,,,,4.0,,,3.5,,,,4.0,,,3.5,,,,,,3.5,,,,,,,,,,,,,,,,,,,,,,
2022-07-03 04:56:40,2022-07-03 05:00:33,0,116.48.84.98,100,233,1,2022-07-03 05:00:34,R_1KjwDZNc42q4VO0,,,,,22.2908,114.1501,anonymous,EN,1,4,1,"4,7,8,22,28,29",4.0,,,,,,,,,4.5,,,,,,,,,4.2,,,,,4.0,4.0,,,,,,,,,,,4.0,,3.0,4.2,,,3.8,,,,,,,,4.0,,,,,4.8,,,,,,,,,,,,,,,,,,4.3,,,,,,,4.3,,,,,,,,4.0,,,,,,3.5,,,,,4.5,
2022-07-03 06:29:17,2022-07-03 06:31:27,0,203.218.142.2,100,129,1,2022-07-03 06:31:27,R_3eb3gdcdBcsf1YI,,,,,22.2908,114.1501,anonymous,EN,1,7,10,"23,7,9,27,30",,,,,,,,,,,,,,,,,,,,,,,,,,,,4.5,,,,4.5,,,,,,4.0,,,,,,,,,,,,,,,,,,,,,,,,,,,,,,,,,,,,,,,,,,,,,,,,,4.0,,,,,,,,,,,,,
2022-07-03 06:31:47,2022-07-03 06:33:13,0,203.218.142.2,100,86,1,2022-07-03 06:33:13,R_2QFLQoM2XGWo0O6,,,,,22.2908,114.1501,anonymous,EN,2,7,10,"9,27",,,,,,,,,,,,,,,,,,,,,,,,,,,,4.5,,,,4.5,,,,,,4.0,,,,,,,,,,,,,,,,,,,,,,,,,,,,,,,,,,,,,,,,,,,,,,,,,4.0,,,,,,,,,,,,,
2022-07-03 06:33:55,2022-07-03 06:36:40,0,218.250.87.134,100,165,1,2022-07-03 06:36:40,R_ZJluCotqKpcqVu9,,,,,22.2908,114.1501,anonymous,EN,1,6,3,"35,7,9",,,,,,,,,,,,4.0,,,,,,4.0,,,4.5,,,,,,,4.5,,,,,,,,,,3.0,,,,3.5,,,,,,,,,,,,,,,,,,,,,,,,,,4.8,,,,,,,,,,,,,,,,,,,,,,,,,,,,,,,,
2022-07-03 06:36:55,2022-07-03 06:38:39,0,218.250.87.134,100,104,1,2022-07-03 06:38:39,R_1n1p8LWtJdvlsjV,,,,,22.2908,114.1501,anonymous,EN,2,6,1,"7,9,14,27,30",,,,,,,,,,4.5,,4.0,,,,,,4.0,,,,,,,,,,4.5,,,,,,,,,,3.5,,,,4.0,,,,,,,,,,,,,,,,,,,,,,,,,,4.7,,,,,,,,,,,,,,,,,,,,,,,,,4.0,,,,,,,
2022-07-03 06:39:05,2022-07-03 06:41:12,0,119.236.24.98,100,127,1,2022-07-03 06:41:13,R_2Vfgcn1Wkg2YB60,,,,,22.2908,114.1501,anonymous,EN,2,1,11,"7,8,9,14,38",,,,,,,,,,4.8,,4.0,,,,,,,,3.5,,,,,,4.0,,4.5,,,,,,,,,,3.5,4.5,,,,,,,,,,,,,,,,,,,4.5,,,,,,,,,,,,,,,,,,,,4.0,,,,,,,,,,,,,,,4.0,,,,,,,
2022-07-03 06:41:44,2022-07-03 06:43:11,0,203.218.18.225,100,87,1,2022-07-03 06:43:11,R_rd8QxPpEnpKcpFf,,,,,22.2908,114.1501,anonymous,EN,1,1,11,"8,9,17,37,12,38",,3.5,,,,,,,,4.5,,,,,4.0,,,,,,,,,,,4.0,,,,3.5,,,,,,,,3.5,4.5,,,,,,,,,,,,,,,,,,,4.5,,,,,,,,,,,,,,,,,,,,,,,,,,,,,,,,,3.5,,,,,,,,,
2022-07-03 06:44:18,2022-07-03 06:48:49,0,203.218.18.225,100,270,1,2022-07-03 06:48:49,R_2uVDs976U90AJcd,,,,,22.2908,114.1501,anonymous,EN,1,6,9,"7,8,9,26,27,38",,,,,,,4.5,,,,,,,,,,,,,,,,,,,,,4.5,,,,,,,,,,,4.2,,,3.8,,,,,,,,,,,,4.0,,,,,,,,,,,,,,,,,,,,,,,,,,,,4.3,,,,,,,,,,,,,,,,,,
2022-07-03 06:44:25,2022-07-03 06:49:06,0,203.218.18.225,100,281,1,2022-07-03 06:49:06,R_RxklLI6DZlolL3j,,,,,22.2908,114.1501,anonymous,EN,2,6,12,"7,8,9,38",,,,,,,4.5,,,,,,,,,,,,,,,,,,,,,4.5,,,,,,,,,,,4.2,,,4.0,,,,,,,,,,,,,,,,,,,,,,,,,,,,,,,,,,,,3.8,,,,,,,,,3.8,,,,,,,,,,,,,
2022-07-03 07:03:19,2022-07-03 07:05:20,0,219.73.46.134,100,121,1,2022-07-03 07:05:21,R_3O1VJ5hwMh2Uaw7,,,,,22.2908,114.1501,anonymous,EN,1,2,11,"35,37,38",,3.5,,,,,,,,4.5,,,,4.0,,,,,,4.0,,,,,,4.0,4.0,,,,,,,,,,,,4.5,,,,,,,,,,,,,,,,,,,4.5,,,,,,,,,,,,,,,,,,,,4.0,,,,,,,,,,,,,,,,,,,,,,
2022-07-03 07:06:00,2022-07-03 07:08:33,0,1.64.103.220,100,153,1,2022-07-03 07:08:34,R_2VluPIP9yxLL1uA,,,,,22.2908,114.1501,anonymous,EN,1,2,11,"4,7,14,17,37,38",,,,,,,,,,4.5,,,,,,,,,4.2,,,,,,4.5,3.8,,,,,,,,,,,,,4.2,,,,,,,,,,,4.0,,,,4.0,,4.3,,,,,,,,,,,,,,,,4.0,,,,,,3.8,,4.0,,,,,,,,,,,3.5,,,,,,,,,
2022-07-03 07:19:06,2022-07-03 07:22:51,0,119.236.237.237,100,224,1,2022-07-03 07:22:51,R_1HcR2qgYKZg72uq,,,,,22.2908,114.1501,anonymous,EN,1,3,6,"3,35,7,8,14,17,37,29",,3.0,,,,,,,,4.5,,,,,,,,,4.0,,,3.5,,,,4.0,,,,3.5,,,,,,,,,4.5,,,,,,,,,,,,,,,4.0,,4.5,,,,,,,,,,4.2,,,,,,,4.5,,,,,4.0,,4.0,,,,,,,,,,,,,,,,,,,,
2022-07-03 07:29:17,2022-07-03 07:31:50,0,219.78.111.59,100,152,1,2022-07-03 07:31:50,R_3PNuqav5nCRBnvt,,,,,22.2908,114.1501,anonymous,EN,1,3,9,"17,37,38",,,,,4.0,,,,,,,,,,,4.0,,,,,,,3.8,,,4.2,4.0,,,,,,,,,4.0,,3.0,,,,,,,,,,,,,,,,,,,,4.5,,,,,,,,,,,,,,,,,,,,4.0,,4.0,3.0,,,,,,,,,,,,4.0,,,,,,,
2022-07-03 08:56:02,2022-07-03 09:03:07,0,219.78.111.59,100,424,1,2022-07-03 09:03:07,R_2du1IO0anElUFBs,,,,,22.2908,114.1501,anonymous,EN,2,4,2,"23,7,8,20,25,26,27,38",,,,,,,,,,,,,,,,4.0,,,,,,,,4.3,,,4.0,4.6,,,,4.4,,,,,,,4.3,,,,,,,,,,,,,,,4.2,,4.3,,,,,,,,,,,,,,,,,4.0,,,,,,,,,,,,,,,,,,,4.0,4.0,,,,,,,
2022-07-03 09:15:37,2022-07-03 09:17:51,0,119.237.131.71,100,133,1,2022-07-03 09:17:51,R_sRrgshE8mupP9Ul,,,,,22.3163,114.1842,anonymous,EN,2,3,8,"23,7,8,14,20,26",,,,,,,,,,4.5,,,,,,4.0,,,,,,,,,,4.0,,,,,,4.5,,,,,,,4.5,,,,,,,,,,,4.2,,,,4.3,,,,4.5,,,,,,,,,,,,,,,,,,,,,,,,,,,,,3.8,,,,,,4.0,,,,,,,
2022-07-03 09:17:57,2022-07-03 09:20:16,0,119.237.131.71,100,138,1,2022-07-03 09:20:16,R_3LgVA282UotHJ1V,,,,,22.3163,114.1842,anonymous,EN,2,3,12,"35,7,8,9,31",,,,,,,,,,4.5,,,,,,4.0,,,4.0,,,3.8,,,,,4.0,,,,,,,,,,4.5,,4.3,,,,,,,,,,,,,,,,,,,,,,,,,,,,,,4.0,,,4.0,,,,,,3.8,,,,,,,3.5,,,,,,,,,,,,,,,
2022-07-03 09:21:36,2022-07-03 09:24:05,0,119.236.12.145,100,148,1,2022-07-03 09:24:05,R_2B9CyJ3OKhoTuzl,,,,,22.2908,114.1501,anonymous,EN,2,2,1,"23,35,14,17,25",,,,,,,,,,4.5,,,,,,,,,4.0,4.0,,,3.5,,,4.0,,,,3.5,,,,,,4.0,,,4.0,,,,,,4.0,,,,,,,,,4.5,,4.5,,,,,,,,,,,,,4.2,,,,,,,,,,,4.0,,,,,,4.0,,,,,,,,,,,,,,
2022-07-03 09:26:01,2022-07-03 09:29:07,0,220.246.153.135,100,186,1,2022-07-03 09:29:07,R_1I77bSYKV8ZIopy,,,,,22.2908,114.1501,anonymous,EN,1,1,11,"35,10,17,37,38",,,,,,,,,,,,,,,,,,,,4.0,,,,,,,,,,,,,,,,,,3.5,4.5,,,,,,,,,,,,,,,,,,,,,,,,,,,,,,,,,,,,,,,4.0,,,,,,,,,,,,,4.0,,,,,,,,,
2022-07-03 09:26:59,2022-07-03 09:29:45,0,220.246.153.135,100,166,1,2022-07-03 09:29:45,R_O8BRRxPerjwHJnP,,,,,22.2908,114.1501,anonymous,EN,1,2,11,"35,37,38",,,,,,,,,,,,,4.0,,3.8,,,,,,,,3.8,,,4.2,4.0,,,,,,,,,,,,4.5,,,,,,,,,,,,,,,,,,,4.6,,,,,,,,,,,,,,,,,,,,4.1,,,,,,,,,,,,,,,,,,,,,,
2022-07-03 09:30:05,2022-07-03 09:32:12,0,220.246.153.135,100,127,1,2022-07-03 09:32:13,R_2U5BampGGSfBhTy,,,,,22.2908,114.1501,anonymous,EN,1,5,3,"35,7,8,9,30,38",,,,,,,,,,4.5,,,,,,,,,,,,,,,,,4.0,,,,,,,,,,,3.5,,,,,,,,,,,,4.2,,,,,,,,,,,,,,,,,,,,,,,,,,,4.3,3.8,,4.0,3.0,,,,,,,,,,,,,,,,,,4.7,
2022-07-03 09:33:05,2022-07-03 09:34:57,0,220.246.153.135,100,112,1,2022-07-03 09:34:57,R_3LbSmulUybF3mic,,,,,22.2908,114.1501,anonymous,EN,2,5,7,"35,7,9,37,30,38",,,,,,,,,,4.7,,,,,,,,,,,,,,,,,,,,3.8,,,,,,,,,4.5,,,4.0,,,,,,,,4.1,,,,,,4.4,,,,,,,,,,,,,4.2,,,,,,,,4.3,,,,,,,,,,,,,,,,,,,,,,4.5,
2022-07-03 09:37:11,2022-07-03 09:39:45,0,116.49.144.210,100,153,1,2022-07-03 09:39:45,R_29cU2nJdJo1qhyP,,,,,22.2908,114.1501,anonymous,EN,2,2,2,"7,8,14,37",,,,,,,,,,,,,,,,,,,,4.0,,,3.5,,,4.0,,,,,,,,,,,,,,,,4.0,,,,4.0,,,,,,,,,,4.5,,4.5,,,,,,,,,,,,,,,,,,,,4.0,,4.0,,,,,,,,,,,,,4.2,,,,,,,
2022-07-03 09:45:29,2022-07-03 09:47:47,0,94.140.8.161,100,138,1,2022-07-03 09:47:47,R_cwHrPgxGTbFtq8x,,,,,47.6034,-122.3414,anonymous,EN,1,3,8,"4,9,17,37,28,30",,3.8,,,,,,,,4.5,,,,,,,,,4.2,,,,,,,4.0,,4.2,,,,,,,4.2,,,,4.3,,,,,,,,,4.2,,4.1,,,,,,4.3,,,,,,,,,,,,,,,,4.2,4.5,,,,,3.8,4.0,,,,,,,,,4.2,,,,,,,,,,,,
2022-07-03 22:56:00,2022-07-03 22:58:21,0,94.140.8.6,100,140,1,2022-07-03 22:58:21,R_2Vru9i7hEummJKN,,,,,47.6034,-122.3414,anonymous,EN,1,3,8,"6,35,7,14,29,30",,,,4.5,,,,,,4.5,,,,,,,,,4.2,,,,,,,4.2,,,,,,,,,,,,,,,,,,,,,,,,,,,,,,,,,,,,,,,,,,,,,,,,,,,4.2,,,,,4.3,,,,,,,,,,,,,,,,,,
2022-07-03 23:13:41,2022-07-03 23:16:31,0,23.82.193.137,100,170,1,2022-07-03 23:16:31,R_1K3zI8i0Qm4aiMf,,,,,47.6109,-122.3303,anonymous,EN,1,3,8,"35,7,9,14,17,37,28",,,,,,,,,4.5,4.5,,,,,,,,,,,,,,,4.3,4.0,,4.6,,,,,,,,,,,4.5,,,,,,,,,,,4.0,,,,,,,,4.7,,,,4.2,,,,,,,,,,,,,,,,,4.0,4.2,,,,,,,,,,,4.0,,,,,,,,,
2022-07-04 00:08:21,2022-07-04 00:11:38,0,37.9.58.230,100,197,1,2022-07-04 00:11:39,R_3EZn7TBFPP7ckin,,,,,51.5164,-0.093,anonymous,EN,1,3,8,"7,8,9,17,37,30,38",4.3,3.5,3.5,,,,,,,,,,,,,4.3,,,,,,,,,,4.0,,,,,,,,,,,,,4.3,,4.2,,,,,,,,,,,,,4.0,,4.3,,4.7,,,,,,,,,,,4.0,,,,,,,,,,,,,,,,,4.0,,,,,,,,,,,,,,
2022-07-04 00:12:45,2022-07-04 00:19:45,0,116.49.131.208,100,420,1,2022-07-04 00:19:46,R_yISx8DI92sJrseR,,,,,22.2908,114.1501,anonymous,EN,1,6,1,"35,9,37,30",4.5,,,,4.0,4.3,,,,,,,,,,,,,,,,,,,,,,,,,,,,,,,,3.5,4.5,,,4.0,,,,,,,,,,,4.0,,,,,,,,,,,,,,,,,,,,,,,,4.3,4.0,,,,,,,4.3,,,,,,,,4.0,,,,,,,
2022-07-04 00:34:30,2022-07-04 00:37:05,0,116.49.156.116,100,155,1,2022-07-04 00:37:06,R_1gFn9DaAwrWwfQI,,,,,22.3163,114.1842,anonymous,EN,1,4,1,"23,7,8,37,38",,3.5,,,4.0,,,,,,,,,,,,,,,4.0,,,,,,4.0,,,,,,,,,,,,3.5,4.5,,4.3,3.8,,,,,,,,,,,,,,,,4.3,,,,,,,,,,,,,,,,,,,,,,,,,,,,,3.5,,,,3.8,,4.0,,,,,,,
2022-07-04 02:18:00,2022-07-04 02:20:32,0,119.236.152.99,100,152,1,2022-07-04 02:20:32,R_3nlwnxHRgJ6tDlc,,,,,22.2908,114.1501,anonymous,EN,2,6,1,"7,8,34,26,27",,,,,,,,,,4.0,,4.0,,,,,,,,,,,,,,,,,,,,,,,,,,,,,,4.0,,,,,,,,,,,,,,,,,,,,,,,,,,,4.5,,,,,,,,,,,4.0,,,,,,,4.0,,,,,,,,,4.5,,,,
2022-07-04 04:06:32,2022-07-04 04:12:11,0,203.218.78.140,100,338,1,2022-07-04 04:12:11,R_1isRbKrd5hIJWq3,,,,,22.2908,114.1501,anonymous,EN,1,3,3,"6,9,37,38",,3.5,,,3.8,,,,,4.5,,,4.0,,,,,,,4.0,,,,,,4.0,,,,3.5,,,,,,,,3.5,,,,,,,,,,,,,,,,,,,,,,,,,,,,,,,,,,3.8,,,,,,4.3,,3.8,,,,,,,,,,,,,4.3,,,,,,,
2022-07-04 04:12:49,2022-07-04 04:16:28,0,112.120.129.20,100,218,1,2022-07-04 04:16:28,R_1l6kMrN1IQML4wW,,,,,22.2908,114.1501,anonymous,EN,1,2,11,"9,17,37,29,31",,3.0,3.5,,,,,,,4.6,,3.5,,,,,,,,4.0,,,,,,4.0,,4.6,,3.3,,,,,,,,3.5,4.5,,4.0,4.0,,,,,,,,,,,,,,,,4.7,,,,,,,,,,,,,,4.0,4.5,,,,,3.5,,,,,,,,,3.5,,,,3.5,,4.3,,,,,,,
2022-07-04 04:17:55,2022-07-04 04:20:42,0,112.118.97.185,100,167,1,2022-07-04 04:20:43,R_ctBSHB4xD87k6m5,,,,,22.3163,114.1842,anonymous,EN,2,2,11,"3,35,7,8,14,38",,,,,,,,,,4.8,,,,,,,,,,3.8,,,,,,4.2,,,,3.8,,,,,,,,,,,,,,,,,4.2,,,4.0,,,,4.2,,,,,,,,,,,,,,,4.3,,,,,,,,,4.0,,,,,,,,,,,,,4.0,,,,,,,,,
2022-07-04 04:25:30,2022-07-04 04:29:08,0,58.153.92.76,100,218,1,2022-07-04 04:29:08,R_6JqrzkAvVY9TLQl,,,,,22.2908,114.1501,anonymous,EN,1,2,11,"35,17,37,38",,,,,,,,,,4.7,,,,,,,,,,4.0,,,,,,4.0,,,,,,,,,,,,3.5,4.5,,4.2,,,,,,,,,,,,,,,,,4.5,,,,,,,,,,,,,,,,,,,,4.2,,,,,,,,,,,,,,,,,,,,,,
2022-07-04 04:25:52,2022-07-04 04:29:38,0,42.2.126.118,100,226,1,2022-07-04 04:29:38,R_3032ZgPog8UAFNA,,,,,22.2908,114.1501,anonymous,EN,2,5,1,"35,7,8,9,37,38",,,3.8,,,,,,,4.8,,,,3.8,,,,,,,,,,,,4.0,,,,,,,,,,,,3.5,4.5,,,4.0,,,,,,,,,,,,,,,,4.5,,,,,,,,,,,,,,,,,,,,,,,,,,,,,,,,,,,,,,,,,,
2022-07-04 04:31:37,2022-07-04 04:33:07,0,42.2.126.118,100,89,1,2022-07-04 04:33:07,R_1HeiLsDOYzFzSOa,,,,,22.2908,114.1501,anonymous,EN,1,2,11,"35,9,17,37,38",,3.5,,,4.0,,,,,4.7,,,4.2,3.8,3.8,4.0,,,,,,,,,,4.3,4.3,,,,,,,,,,,,4.5,,,,,,,,,,,,,,,,,,,,,,,,,,,,,,,,,,,,,,,,,,,,,,,,,,,,,,,,,,,,,
2022-07-04 04:48:52,2022-07-04 04:51:37,0,119.237.130.208,100,165,1,2022-07-04 04:51:38,R_1mDUG4hnEWCHZIG,,,,,22.2908,114.1501,anonymous,EN,2,3,9,"7,8,14,17,37,30",,,,,,,,,,4.5,,,,,,,,,,3.5,,,,,,4.0,,,,,,4.0,,,,,4.3,3.0,4.5,,,,,,,,,,,,,,,,,,,,,,,,,,,,,,,,,,,,,,,,,4.0,,,,,,,,,,,,,,,,,,,,
2022-07-04 04:52:18,2022-07-04 04:55:19,0,42.2.127.131,100,181,1,2022-07-04 04:55:19,R_3QEiRGmIP4djT3W,,,,,22.2908,114.1501,anonymous,EN,2,1,11,"1,23,7,8,30",,,,,,,,,,,,,,,,,,,,,,,,,,4.0,,,,,,,,,,,,,4.3,,,3.8,,,,,,,,,,,,,,,,,,,,,,,,,,,,,,,,,,,,,,,,,,,,4.0,,,,,,,4.3,,,,4.7,,,
2022-07-04 04:56:22,2022-07-04 04:58:11,0,203.218.78.160,100,108,1,2022-07-04 04:58:11,R_YcBoWW5nV13D0op,,,,,22.2908,114.1501,anonymous,EN,2,1,11,"17,37,38",,3.8,,,,,,,,4.8,,,,,,,,,,,,,3.8,,,,,,,,,,,,,,,,,,4.3,,,,,,4.0,,,,,,,,,,,,,,,,,,,4.3,,,,,,,,,,,,,,,,,,,,,,,,,3.8,,,,,,,,,
2022-07-04 05:57:14,2022-07-04 06:00:52,0,116.48.89.253,100,218,1,2022-07-04 06:00:53,R_2Vdoo3BI2ReQAe2,,,,,22.2908,114.1501,anonymous,EN,1,3,6,"1,7,8,29,31",,,,,,,,,,4.3,,,,,,,,,4.0,,,,,,,4.0,,,,,,,,,,,,,4.3,,,,,,,,4.0,4.5,4.5,4.3,,,,,,,,,,,,,,,,,,,,,4.3,4.1,,,,,,,,,,,,,,,3.8,,4.2,,,,,,,,4.7,,4.5,
2022-07-04 06:27:35,2022-07-04 06:32:23,0,116.48.89.253,100,288,1,2022-07-04 06:32:24,R_3QLZCVRabCYdAEj,,,,,22.2908,114.1501,anonymous,EN,2,2,11,"7,8,14,17,29",,,,,,,,,,4.5,,,,,,4.0,,,,,,,,4.5,,,,,,,,,,,,,,,4.3,,,,,,4.3,,,4.3,,,,,,4.0,,,,4.3,,,,,,,,,,,,,,4.0,,,,,,,,,,,,,,,,,,,,,,,,,4.0,,,
2022-07-04 06:33:03,2022-07-04 06:36:11,0,219.73.125.240,100,188,1,2022-07-04 06:36:12,R_1LqzMMW9FfenWnx,,,,,22.3163,114.1842,anonymous,EN,1,3,2,"3,9,37,38",4.0,,,,,,,,,4.7,,,,,4.0,,,,,,,,,,,4.2,4.2,,,,3.8,,,,,,,3.5,4.5,,,4.0,,,,,,,,,,,,,,4.5,,4.5,,,,,,,,,,,,,,,,,,,,4.0,,,,4.5,,,,,4.0,,,,,,,,,,,,4.5,
2022-07-04 06:36:24,2022-07-04 06:40:39,0,219.73.125.240,100,255,1,2022-07-04 06:40:39,R_rdKGDTp9z9dBUfT,,,,,22.3163,114.1842,anonymous,EN,2,3,8,"7,8,9,14,12,29,38",,3.0,,,,,,,,4.8,,,,,,4.2,,,,3.8,,,,,,4.0,4.0,,,,,,,,,,,,4.5,,,3.8,,,,,,,,,,,,,,,,4.5,,,,,,,,,,,,,,4.0,,,,,,3.8,,,,4.3,,,,,,,,,,,,,,,,,,
2022-07-04 06:53:15,2022-07-04 06:56:04,0,112.120.129.137,100,168,1,2022-07-04 06:56:04,R_1doi5q1Mr3XFle2,,,,,22.2908,114.1501,anonymous,EN,1,6,8,"23,17,26,29",,,,,,,,,,,,,,,,,,,,,,,,,,,,,,,,,,,,4.0,,,,,,,,,,,,4.5,,,,,4.2,,,,,,,4.0,,,,,,,,,,,,4.2,,,,,,,,,,,,,4.5,4.0,,,,,,,,4.0,,,,,3.5,
2022-07-04 06:57:58,2022-07-04 07:01:29,0,185.218.127.224,100,211,1,2022-07-04 07:01:29,R_24Aa5qVqRLLa3NA,,,,,-33.8715,151.2006,anonymous,EN,1,3,2,"2,7,8,14,37,38",,3.5,3.5,,3.5,,,,,5.0,,,,,,4.5,,,4.0,,,,,,,4.0,,,,3.5,,,,,,4.5,,,4.5,,,,,,,,,,,,,,,,,,,5.0,,,,,,,,,,,,,,,,,,,,4.0,4.0,,,,,,4.0,,,,,,3,,4.0,4.0,,,,,,
2022-07-04 07:06:56,2022-07-04 07:09:11,0,217.146.90.90,100,134,1,2022-07-04 07:09:11,R_1Cl93K5Tc4ZDhWC,,,,,51.4964,-0.1224,anonymous,EN,2,2,11,"7,8,9,14,17",,,,4.0,,,,,,4.5,,,,,,4.0,,,,,,,,,,4.0,,4.5,,,,,,,,,,,,,,,,,,,,,,,,,,,,,,4.5,,,,,,,,,,,,,,,,,,,,4.0,,,,,,,,,,,,,,,,,,4.0,,,,
2022-07-04 07:08:39,2022-07-04 07:11:32,0,185.218.127.224,100,172,1,2022-07-04 07:11:32,R_1oqh2Bw0Zoil8tM,,,,,-33.8715,151.2006,anonymous,EN,2,4,1,"6,8,37,38",,,,,,4.0,,,,,,,,,,,,,,,,,,,,,,4.5,,3.5,,,,,,,,,4.5,,,,,,,,,,,,,,,,,,,5.0,,,,,,,,,,,4.5,,,,,,,,,4.0,,,,,,,,,,,,,,,4.0,,,,,,,
2022-07-04 07:12:01,2022-07-04 07:13:15,0,219.73.124.8,100,73,1,2022-07-04 07:13:15,R_2t0aQyZJJWmscd2,,,,,22.3163,114.1842,anonymous,EN,1,7,10,9,4.0,,,,,,,,,,,,,,,,,,,,,,,,,,,5.0,,,,,,,,,,4.0,,,,,,,,,,,,,,,,,,,,,,,,,,,,,,,,,,,,,,,,,,,,,,,,,,,,,,,,,,,,,,
2022-07-04 07:13:48,2022-07-04 07:16:45,0,219.73.124.8,100,177,1,2022-07-04 07:16:45,R_1IKTOuhHCt9yd5n,,,,,22.3163,114.1842,anonymous,EN,2,3,2,"8,9,14,26",,,,4.5,,,,,,4.0,,,,,,4.2,,,,,,,,,,,,4.5,,,,,,,,,,3.5,,,,,,,,,,,,4.0,,,,,,,,4.5,,,,,,,,,,,,,,,,,,,,,,4.2,,,,,,,4.0,,,,,,,,,,,,,
2022-07-04 07:41:47,2022-07-04 07:46:32,0,219.78.111.87,100,285,1,2022-07-04 07:46:33,R_3pmoNLAmV4NdKgL,,,,,22.2908,114.1501,anonymous,EN,2,5,3,"23,8,9,26,27",4.0,,,,,,,,,,,,,,,,,,,,,,,,,,,4.7,,,,,,,,,,,,,,,,,,,,,,,,,,4.0,,,,,,,,,,,,,,,4.5,,,,,,,,,,,,,,,,,,,,,,,,,,,4.5,,,,
2022-07-04 07:56:09,2022-07-04 07:58:25,0,219.73.125.110,100,135,1,2022-07-04 07:58:25,R_10GmlbxYYprX9of,,,,,22.3163,114.1842,anonymous,EN,1,5,8,"23,35,7,8,9,30,38",,3.5,,,3.8,,,,,,,,,,4.0,,,,,3.8,,,,,,,,,,,,,,,,,,,4.3,,,,,,,,,,,,,,,4.2,,,,,,,,,,,,,,,,,,,,,,,,,,,,,,,,,,,,,,,,,,,,,4.5,
